jacobreyes		pwdjacobreyes1234
ashleybass		pwdashleybass1234
patrickthomas		pwdpatrickthomas1234
phillipwilliams		pwdphillipwilliams1234
robertrivera		pwdrobertrivera1234
saramoore		pwdsaramoore1234
zacharyritter		pwdzacharyritter1234
joshualivingston		pwdjoshualivingston1234
staceyburton		pwdstaceyburton1234
jamesmason		pwdjamesmason1234
daniellelarson		pwddaniellelarson1234
samanthaglenn		pwdsamanthaglenn1234
stevenrosales		pwdstevenrosales1234
gailliu		pwdgailliu1234
sonyaroth		pwdsonyaroth1234
alexisjohnson		pwdalexisjohnson1234
keithellison		pwdkeithellison1234
christophernichols		pwdchristophernichols1234
ericjohnson		pwdericjohnson1234
raymondmoran		pwdraymondmoran1234
paulbrown		pwdpaulbrown1234
markmartinez		pwdmarkmartinez1234
shelleyyoung		pwdshelleyyoung1234
christophercontreras		pwdchristophercontreras1234
adamwebb		pwdadamwebb1234
troyjames		pwdtroyjames1234
lindahammond		pwdlindahammond1234
josefrederick		pwdjosefrederick1234
gregorycooke		pwdgregorycooke1234
nancystanton		pwdnancystanton1234
mirandadonovan		pwdmirandadonovan1234
lynnhicks		pwdlynnhicks1234
sarahchen		pwdsarahchen1234
beckybates		pwdbeckybates1234
lisalee		pwdlisalee1234
johnrowe		pwdjohnrowe1234
sandramcfarland		pwdsandramcfarland1234
johnallen		pwdjohnallen1234
briannawhite		pwdbriannawhite1234
morganjohnson		pwdmorganjohnson1234
lindabishop		pwdlindabishop1234
margaretrobertson		pwdmargaretrobertson1234
matthewparker		pwdmatthewparker1234
douglashouston		pwddouglashouston1234
michaelbooker		pwdmichaelbooker1234
nicolebrown		pwdnicolebrown1234
codymacdonald		pwdcodymacdonald1234
johnsalazar		pwdjohnsalazar1234
jessicathompson		pwdjessicathompson1234
carrieclark		pwdcarrieclark1234
